[
	{
		"image": "images/01.png",
		"title": "BRI114",
		"cat": "세정제",
		"code": "(주)그레이스인터네셔날"
	},
	{
		"image": "images/02.png",
		"title": "모듈 체인 클린",
		"cat": "세정제",
		"code": "리오오일"
	},
	{
		"image": "images/03.png",
		"title": "곰팡이OUT",
		"cat": "세정제",
		"code": "한국미라클피플사"
	},
	{
		"image":"images/04.png",
		"title": "퍼실 겔 컬러",
		"cat": "합성세제",
		"code": "뉴스토아"
	},
	{
		"image": "images/05.png",
		"title": "CC워터골드",
		"cat": "코팅제",
		"code": "메이칸"
	},
	{
		"image": "images/06.png",
		"title": "윤활박사",
		"cat": "방청제",
		"code": "제이더블유산업"
	},
	{
		"image": "images/07.png",
		"title": "차량용 김서림방지제",
		"cat": "김서림방지제",
		"code": "비엘코리아"
	},
	{
		"image": "images/08.png",
		"title": "노테입 리터치",
		"cat": "접착제",
		"code": "MORIYA"
	},
	{
		"image": "images/09.png",
		"title": "비슈어",
		"cat": "접착제",
		"code": "MORIYA"
	}
]